{
  "Random Forest": {
    "accuracy": 0.65625,
    "precision_macro": 0.6687588925121734,
    "recall_macro": 0.6659558738806636,
    "f1_macro": 0.6544221566958521,
    "precision_weighted": 0.6144038316233198,
    "recall_weighted": 0.65625,
    "f1_weighted": 0.6211362902155838,
    "roc_auc": 0.7599079177075846,
    "confusion_matrix": [
      [
        1812,
        391,
        2
      ],
      [
        977,
        221,
        0
      ],
      [
        5,
        0,
        592
      ]
    ]
  },
  "XGBoost": {
    "accuracy": 0.66225,
    "precision_macro": 0.6619923500153847,
    "recall_macro": 0.6638426384779184,
    "f1_macro": 0.6432167743711555,
    "precision_weighted": 0.6074154378943356,
    "recall_weighted": 0.66225,
    "f1_weighted": 0.6133957940176336,
    "roc_auc": 0.7611427474352327,
    "confusion_matrix": [
      [
        1890,
        314,
        1
      ],
      [
        1035,
        163,
        0
      ],
      [
        1,
        0,
        596
      ]
    ]
  },
  "KNN": {
    "accuracy": 0.53325,
    "precision_macro": 0.521465024186544,
    "recall_macro": 0.42430261739663505,
    "f1_macro": 0.4387157311224866,
    "precision_weighted": 0.5130538614555555,
    "recall_weighted": 0.53325,
    "f1_weighted": 0.4994704997530209,
    "roc_auc": 0.6493244418633939,
    "confusion_matrix": [
      [
        1715,
        432,
        58
      ],
      [
        924,
        244,
        30
      ],
      [
        353,
        70,
        174
      ]
    ]
  },
  "Logistic Regression": {
    "accuracy": 0.4965,
    "precision_macro": 0.5101637558799618,
    "recall_macro": 0.602516967932167,
    "f1_macro": 0.530628954100323,
    "precision_weighted": 0.5253586563053179,
    "recall_weighted": 0.4965,
    "f1_weighted": 0.48958251712040407,
    "roc_auc": 0.7263682438264835,
    "confusion_matrix": [
      [
        890,
        1039,
        276
      ],
      [
        548,
        514,
        136
      ],
      [
        8,
        7,
        582
      ]
    ]
  }
}